[1];1
[1];2
[1];3
[1];4
[1];5
[1];6
[1];7
[2,3];8
[2,3];9
[2,3];10
[2,3];11
[4,5];12
[4,5];13
[4,5];14
[4,5];15
[4,5];16
[4,5];17
[4,5];18
[4,5];19
[4,5];20
[4,5];21
[4,5];22
[4,5];23
[1];24
[1];25
[2,3];26
[2,3];27
[2,3];28
[2,3];29
[2,3];30
[2,3];31
[2,3];32
[2,3];33
[2,3];34
[2,3];35
[2,3];36
[2,3];37
[2,3];38
[4,5];39
[4,5];40
[4,5];41
[1];42
[1];43
[1];44
[1];45
[1];46
[1];47
[1];48
[1];49
[2];50
[2];51
[2];52
[2];53
[2];54
[2];55
[2];56
[2];57
[2];58
[3];59
[3];60
[3];61
[3];62
[3];63
[3];64
[3];65
[3];66
[4,5];67
[4,5];68
[4,5];69
[4,5];70
[4,5];71
[4,5];72
[4,5];73
[4,5];74
[4,5];75
[1];76
[1];77
[1];78
[1];79
[1];80
[2];81
[2];82
[2];83
[2];84
[2];85
[3,4,5];86
[3,4,5];87
[3,4,5];88
[3,4,5];89
[1];90
[1];91
[1];92
[1];93
[1];94
[2];95
[2];96
[2];97
[2];98
[2];99
[2];100
[2];101
[3];102
[3];103
[3];104
[3];105
[4,5];106
[4,5];107
[4,5];108
[4,5];109
[4,5];110
[4,5];111
[4,5];112
[4,5];113
[4,5];114
[4,5];115
[4,5];116
[4,5];117
[1];118
[1];119
[1];120
[1];121
[1];122
[1];123
[2];124
[2];125
[2];126
[2];127
[2];128
[2];129
[2];130
[2];131
[2];132
[2];133
[2];134
[2];135
[2];136
[3,4,5];137
[3,4,5];138
[3,4,5];139
[3,4,5];140
[3,4,5];141
[1];142
[1];143
[1];144
[1];145
[1];146
[2];147
[2];148
[2];149
[2];150
[2];151
[2];152
[2];153
[2];154
[2];155
[2];156
[3,4,5];157
[3,4,5];158
[3,4,5];159
[3,4,5];160
[1];161
[1];162
[1];163
[1];164
[1];165
[1];166
[1];167
[2];168
[2];169
[2];170
[2];171
[2];172
[2];173
[2];174
[3];175
[3];176
[3];177
[3];178
[3];179
[3];180
[3];181
[3];182
[4,5];183
[4,5];184
[4,5];185
[4,5];186
[4,5];187
[1];188
[1];189
[1];190
[1];191
[1];192
[1];193
[1];194
[1];195
[1];196
[1];197
[1];198
[1];199
[1];200
[1];201
[1];202
[1];203
[1];204
[2];205
[2];206
[2];207
[2];208
[2];209
[2];210
[2];211
[2];212
[3];213
[3];214
[3];215
[4,5];216
[4,5];217
[4,5];218
[4,5];219
[1];220
[1];221
[1];222
[1];223
[1];224
[1];225
[2];226
[2];227
[2];228
[2];229
[2];230
[2];231
[2];232
[3];233
[3];234
[3];235
[3];236
[3];237
[3];238
[4,5];239
[4,5];240
[4,5];241
[4,5];242
[4,5];243
[4,5];244
[4,5];245
[4,5];246
[1];247
[1];248
[1];249
[1];250
[1];251
[1];252
[1];253
[1];254
[1];255
[1];256
[2];257
[2];258
[2];259
[2];260
[2];261
[2];262
[2];263
[3];264
[3];265
[3];266
[3];267
[3];268
[4,5];269
[4,5];270
[4,5];271
[4,5];272
[4,5];273
[4,5];274
[4,5];275
[1];276
[1];277
[1];278
[1];279
[1];280
[1];281
[2];282
[2];283
[2];284
[2];285
[2];286
[2];287
[2];288
[2];289
[3];290
[3];291
[3];292
[3];293
[3];294
[4];295
[4];296
[4];297
[4];298
[4];299
[5];300
[5];301
[5];302
[5];303
[1];304
[1];305
[1];306
[1];307
[1];308
[1];309
[1];310
[1];311
[2];312
[2];313
[2];314
[3,4];315
[3,4];316
[3,4];317
[3,4];318
[3,4];319
[3,4];320
[3,4];321
[3,4];322
[3,4];323
[3,4];324
[3,4];325
[5];326
[5];327
[5];328
[5];329
[5];330
[1];331
[1];332
[1];333
[1];334
[1];335
[2];336
[2];337
[2];338
[2];339
[3,4,5];340
[3,4,5];341
[3,4,5];342
[3,4,5];343
[3,4,5];344
[1];345
[1];346
[1];347
[1];348
[1];349
[1];350
[1];351
[1];352
[1];353
[1];354
[1];355
[1];356
[1];357
[1];358
[1];359
[3];360
[3];361
[3];362
[3];363
[3];364
[3];365
[3];366
[3];367
[3];368
[3];369
[3];370
[3];371
[3];372
[4];373
[5];374
[5];375
[5];376
[5];377
[5];378
[5];379
[5];380
[5];381
[5];382
[5];383
[5];384
[1];385
[1];386
[1];387
[1];388
[1];389
[1];390
[1];391
[1];392
[1];393
[1];394
[1];395
[1];396
[1];397
[1];398
[1];399
[1];400
[1];401
[1];402
[1];403
[1];404
[1];405
[1];406
[1];407
[1];408
[1];409
[1];410
[1];411
[1];412
[3];413
[3];414
[3];415
[3];416
[3];417
[3];418
[3];419
[3];420
[3];421
[3];422
[3];423
[3];424
[3];425
[3];426
[3];427
[3];428
[3];429
[3];430
[4];431
[4];432
[4];433
[4];434
[4];435
[4];436
[4];437
[4];438
[4];439
[4];440
[4];441
[5];442
[5];443
[5];444
[5];445
[5];446
[5];447
[5];448
[5];449
[5];450
[5];451
[5];452
[1];453
[1];454
[1];455
[1];456
[1];457
[1];458
[1];459
[1];460
[1];461
[2];462
[2];463
[2];464
[2];465
[2];466
[2];467
[2];468
[2];469
[2];470
[2];471
[2];472
[2];473
[2];474
[2];475
[2];476
[2];477
[2];478
[2];479
[2];480
[2];481
[2];482
[2];483
[3];484
[3];485
[3];486
[3];487
[3];488
[3];489
[3];490
[3];491
[3];492
[3];493
[3];494
[3];495
[3];496
[3];497
[3];498
[4];499
[4];500
[4];501
[4];502
[4];503
[4];504
[4];505
[4];506
[4];507
[4];508
[4];509
[4];510
[4];511
[5];512
[5];513
[5];514
[5];515
[5];516
[5];517
[1];518
[1];519
[1];520
[1];521
[1];522
[1];523
[1];524
[1];525
[1];526
[1];527
[1];528
[1];529
[1];530
[1];531
[1];532
[1];533
[2];534
[2];535
[2];536
[2];537
[2];538
[2];539
[2];540
[2];541
[2];542
[2];543
[2];544
[2];545
[2];546
[3];547
[3];548
[3];549
[3];550
[3];551
[3];552
[3];553
[3];554
[3];555
[3];556
[3];557
[3];558
[3];559
[3];560
[4];561
[4];562
[4];563
[4];564
[4];565
[4];566
[4];567
[4];568
[4];569
[4];570
[4];571
[4];572
[4];573
[4];574
[4];575
[4];576
[4];577
[4];578
[4];579
[5];580
[5];581
[5];582
[5];583
[5];584
[5];585
[5];586
[5];587
[5];588
[5];589
[5];590
[5];591
[5];592
[1];593
[1];594
[1];595
[1];596
[1];597
[1];598
[1];599
[1];600
[1];601
[1];602
[1];603
[1];604
[1];605
[1];606
[1];607
[1];608
[2];609
[2];610
[2];611
[2];612
[2];613
[2];614
[2];615
[2];616
[2];617
[2];618
[3];619
[3];620
[3];621
[3];622
[3];623
[3];624
[3];625
[3];626
[3];627
[3];628
[3];629
[3];630
[3];631
[3];632
[1];633
[1];634
[1];635
[1];636
[1];637
[1];638
[1];639
[2];640
[2];641
[2];642
[2];643
[2];644
[2];645
[2];646
[2];647
[2];648
[2];649
[3];650
[3];651
[3];652
[3];653
[3];654
[3];655
[3];656
[3];657
[3];658
[3];659
[3];660
[3];661
[3];662
[3];663
[3];664
[3];665
[3];666
[3];667
[4];668
[4];669
[4];670
[4];671
[4];672
[4];673
[4];674
[4];675
[4];676
[4];677
[4];678
[4];679
[4];680
[4];681
[4];682
[4];683
[5];684
[1];685
[1];686
[1];687
[1];688
[1];689
[1];690
[1];691
[1];692
[1];693
[1];694
[1];695
[1];696
[1];697
[2];698
[2];699
[2];700
[2];701
[2];702
[2];703
[2];704
[2];705
[2];706
[2];707
[2];708
[2];709
[2];710
[2];711
[2];712
[3];713
[3];714
[3];715
[3];716
[3];717
[3];718
[3];719
[3];720
[3];721
[3];722
[3];723
[3];724
[3];725
[3];726
[3];727
[4];728
[4];729
[4];730
[4];731
[4];732
[4];733
[4];734
[4];735
[4];736
[4];737
[4];738
[4];739
[4];740
[4];741
[4];742
[4];743
[4];744
[4];745
[4];746
[1];747
[1];748
[1];749
[1];750
[1];751
[2];752
[2];753
[2];754
[2];755
[2];756
[2];757
[2];758
[2];759
[2];760
[3];761
[3];762
[3];763
[3];764
[3];765
[5];766
[5];767
[5];768
[5];769
[5];770
[5];771
[5];772
[5];773
[1];774
[1];775
[1];776
[1];777
[1];778
[1];779
[1];780
[1];781
[1];782
[2];783
[2];784
[2];785
[2];786
[2];787
[2];788
[2];789
[2];790
[2];791
[2];792
[2];793
[2];794
[2];795
[2];796
[3];797
[3];798
[3];799
[3];800
[3];801
[3];802
[3];803
[3];804
[3];805
[3];806
[3];807
[1];808
[1];809
[1];810
[1];811
[1];812
[1];813
[1];814
[1];815
[1];816
[2];817
[2];818
[2];819
[2];820
[2];821
[3];822
[3];823
[3];824
[3];825
[3];826
[4];827
[4];828
[4];829
[4];830
[4];831
[4];832
[4];833
[4];834
[4];835
[4];836
[4];837
[4];838
[4];839
[4];840
[4];841
[4];842
[4];843
[5];844
[5];845
[5];846
[5];847
[5];848
[5];849
[5];850
[1];851
[1];852
[1];853
[1];854
[1];855
[1];856
[1];857
[1];858
[1];859
[2];860
[2];861
[2];862
[2];863
[2];864
[2];865
[2];866
[2];867
[2];868
[2];869
[2];870
[2];871
[2];872
[3];873
[3];874
[3];875
[3];876
[3];877
[3];878
[3];879
[3];880
[3];881
[3];882
[3];883
[3];884
[3];885
[3];886
[3];887
[3];888
[3];889
[3];890
[3];891
[3];892
[3];893
[3];894
[3];895
[3];896
[3];897
[3];898
[1];899
[1];900
[1];901
[1];902
[1];903
[1];904
[1];905
[1];906
[1];907
[1];908
[1];909
[1];910
[1];911
[1];912
[1];913
[1];914
[1];915
[1];916
[1];917
[1];918
[1];919
[1];920
[2];921
[2];922
[2];923
[2];924
[2];925
[2];926
[2];927
[2];928
[2];929
[2];930
[2];931
[2];932
[2];933
[2];934
[2];935
[2];936
[2];937
[2];938
[2];939
[2];940
[2];941
[2];942
[2];943
[2];944
[2];945
[2];946
[3];947
[3];948
[3];949
[3];950
[3];951
[3];952
[3];953
[3];954
[3];955
[3];956
[3];957
[3];958
[3];959
[4];960
[4];961
[4];962
[4];963
[4];964
[4];965
[4];966
[4];967
[4];968
[4];969
[4];970
[4];971
[4];972
[4];973
[4];974
[4];975
[4];976
[4];977
[4];978
[5];979
[5];980
[5];981
[5];982
[5];983
[5];984
[5];985
[5];986
[5];987
[5];988
[5];989
[5];990
[1];991
[1];992
[1];993
[1];994
[1];995
[1];996
[1];997
[1];998
[1];999
[1];1000
[1];1001
[1];1002
[1];1003
[1];1004
[1];1005
[1];1006
[1];1007
[1];1008
[1];1009
[1];1010
[2];1011
[2];1012
[2];1013
[2];1014
[2];1015
[2];1016
[2];1017
[2];1018
[2];1019
[2];1020
[2];1021
[3];1022
[3];1023
[3];1024
[3];1025
[3];1026
[3];1027
[3];1028
[3];1029
[3];1030
[3];1031
[3];1032
[3];1033
[3];1034
[3];1035
[3];1036
[3];1037
[3];1038
[4];1039
[4];1040
[4];1041
[4];1042
[4];1043
[4];1044
[4];1045
[4];1046
[4];1047
[4];1048
[4];1049
[4];1050
[4];1051
[4];1052
[4];1053
[4];1054
[4];1055
[4];1056
[4];1057
[4];1058
[4];1059
[4];1060
[1];1061
[1];1062
[1];1063
[1];1064
[1];1065
[1];1066
[1];1067
[1];1068
[1];1069
[1];1070
[1];1071
[1];1072
[1];1073
[1];1074
[1];1075
[1];1076
[2];1077
[2];1078
[2];1079
[2];1080
[2];1081
[2];1082
[2];1083
[2];1084
[2];1085
[2];1086
[2];1087
[2];1088
[2];1089
[2];1090
[2];1091
[2];1092
[3];1093
[3];1094
[3];1095
[3];1096
[3];1097
[3];1098
[3];1099
[3];1100
[3];1101
[3];1102
[3];1103
[3];1104
[1];1105
[1];1106
[1];1107
[1];1108
[1];1109
[1];1110
[1];1111
[1];1112
[1];1113
[1];1114
[1];1115
[1];1116
[1];1117
[1];1118
[1];1119
[1];1120
[3];1121
[3];1122
[3];1123
[3];1124
[3];1125
[3];1126
[3];1127
[3];1128
[3];1129
[3];1130
[3];1131
[3];1132
[3];1133
[3];1134
[3];1135
[3];1136
[3];1137
[3];1138
[4];1139
[4];1140
[4];1141
[4];1142
[4];1143
[5];1144
[5];1145
[5];1146
[5];1147
[5];1148
[5];1149
[5];1150
[5];1151
[5];1152
[5];1153
[5];1154
[5];1155
[5];1156
[1];1157
[1];1158
[1];1159
[1];1160
[1];1161
[2];1162
[2];1163
[2];1164
[2];1165
[2];1166
[2];1167
[3];1168
[3];1169
[3];1170
[3];1171
[3];1172
[3];1173
[3];1174
[4];1175
[4];1176
[4];1177
[4];1178
[4];1179
[4];1180
[4];1181
[4];1182
[4];1183
[4];1184
[4];1185
[5];1186
[5];1187
[5];1188
[5];1189
[5];1190
[5];1191
[5];1192
[5];1193
[5];1194
[5];1195
[5];1196
[5];1197
[5];1198
[1];1199
[1];1200
[1];1201
[1];1202
[1];1203
[1];1204
[1];1205
[1];1206
[2];1207
[2];1208
[2];1209
[2];1210
[2];1211
[2];1212
[2];1213
[3];1214
[3];1215
[3];1216
[3];1217
[3];1218
[3];1219
[3];1220
[3];1221
[3];1222
[3];1223
[3];1224
[3];1225
[3];1226
[3];1227
[3];1228
[3];1229
[3];1230
[4];1231
[4];1232
[4];1233
[4];1234
[4];1235
[4];1236
[4];1237
[4];1238
[4];1239
[4];1240
[4];1241
[4];1242
[4];1243
[4];1244
[4];1245
[4];1246
[4];1247
[4];1248
[4];1249
[4];1250
[5];1251
[5];1252
[5];1253
[5];1254
[1];1255
[1];1256
[1];1257
[1];1258
[1];1259
[1];1260
[1];1261
[1];1262
[1];1263
[1];1264
[1];1265
[1];1266
[1];1267
[1];1268
[2];1269
[2];1270
[2];1271
[2];1272
[2];1273
[2];1274
[2];1275
[2];1276
[2];1277
[2];1278
[2];1279
[2];1280
[2];1281
[2];1282
[3];1283
[3];1284
[3];1285
[3];1286
[3];1287
[3];1288
[3];1289
[3];1290
[3];1291
[3];1292
[3];1293
[3];1294
[3];1295
[3];1296
[3];1297
[3];1298
[3];1299
[3];1300
[3];1301
[3];1302
[3];1303
[3];1304
[3];1305
[3];1306
[3];1307
[3];1308
[4];1309
[4];1310
[4];1311
[4];1312
[4];1313
[4];1314
[4];1315
[4];1316
[4];1317
[4];1318
[4];1319
[4];1320
[4];1321
[5];1322
[5];1323
[5];1324
[5];1325
[5];1326
[5];1327
[5];1328
[1];1329
[1];1330
[2];1331
[2];1332
[2];1333
[2];1334
[2];1335
[2];1336
[3];1337
[3];1338
[3];1339
[3];1340
[3];1341
[3];1342
[3];1343
[3];1344
[3];1345
[3];1346
[3];1347
[3];1348
[3];1349
[3];1350
[3];1351
[3];1352
[3];1353
[4];1354
[4];1355
[4];1356
[4];1357
[4];1358
[4];1359
[4];1360
[4];1361
[4];1362
[4];1363
[4];1364
[4];1365
[4];1366
[4];1367
[5];1368
[5];1369
[5];1370
[2];1371
[2];1372
[2];1373
[2];1374
[3,4];1375
[3,4];1376
[3,4];1377
[3,4];1378
[3,4];1379
[3,4];1380
[3,4];1381
[5];1382
[1];1383
[1];1384
[1];1385
[1];1386
[1];1387
[1];1388
[2];1389
[2];1390
[2];1391
[2];1392
[2];1393
[2];1394
[2];1395
[2];1396
[2];1397
[2];1398
[2];1399
[2];1400
[2];1401
[2];1402
[2];1403
[2];1404
[2];1405
[2];1406
[2];1407
[2];1408
[3];1409
[3];1410
[3];1411
[3];1412
[3];1413
[3];1414
[3];1415
[3];1416
[3];1417
[3];1418
[3];1419
[4];1420
[4];1421
[5];1422
[5];1423
[1];1424
[1];1425
[1];1426
[1];1427
[1];1428
[1];1429
[1];1430
[1];1431
[2];1432
[2];1433
[2];1434
[2];1435
[2];1436
[2];1437
[3];1438
[3];1439
[3];1440
[3];1441
[3];1442
[3];1443
[3];1444
[3];1445
[3];1446
[3];1447
[3];1448
[4];1449
[4];1450
[4];1451
[5];1452
[5];1453
[1];1454
[1];1455
[2];1456
[2];1457
[2];1458
[2];1459
[2];1460
[2];1461
[3];1462
[3];1463
[3];1464
[3];1465
[3];1466
[3];1467
[3];1468
[3];1469
[3];1470
[3];1471
[3];1472
[4];1473
[4];1474
[4];1475
[4];1476
[4];1477
[4];1478
[4];1479
[4];1480
[4];1481
[4];1482
[4];1483
[4];1484
[4];1485
[5];1486
[5];1487
[5];1488
[5];1489
[1];1490
[1];1491
[1];1492
[1];1493
[1];1494
[1];1495
[1];1496
[1];1497
[1];1498
[1];1499
[1];1500
[2,3];1501
[2,3];1502
[2,3];1503
[2,3];1504
[2,3];1505
[2,3];1506
[2,3];1507
[2,3];1508
[2,3];1509
[2,3];1510
[2,3];1511
[2,3];1512
[2,3];1513
[2,3];1514
[2,3];1515
[2,3];1516
[2,3];1517
[2,3];1518
[2,3];1519
[2,3];1520
[2,3];1521
[2,3];1522
[2,3];1523
[2,3];1524
[4,5];1525
[4,5];1526
[4,5];1527
[4,5];1528
[4,5];1529
[4,5];1530
[4,5];1531
[4,5];1532
[4,5];1533
[4,5];1534
[4,5];1535
[1];1536
[1];1537
[1];1538
[1];1539
[1];1540
[1];1541
[1];1542
[1];1543
[1];1544
[1];1545
[1];1546
[1];1547
[1];1548
[1];1549
[1];1550
[1];1551
[1];1552
[1];1553
[1];1554
[1];1555
[1];1556
[1];1557
[1];1558
[1];1559
[1];1560
[1];1561
[1];1562
[1];1563
[1];1564
[1];1565
[1];1566
[1];1567
[1];1568
[1];1569
[1];1570
[1];1571
[1];1572
[1];1573
[1];1574
[2];1575
[2];1576
[2];1577
[2];1578
[2];1579
[2];1580
[2];1581
[2];1582
[2];1583
[2];1584
[2];1585
[2];1586
[2];1587
[2];1588
[2];1589
[2];1590
[2];1591
[2];1592
[2];1593
[2];1594
[2];1595
[2];1596
[2];1597
[2];1598
[2];1599
[2];1600
[2];1601
[2];1602
[2];1603
[3];1604
[3];1605
[3];1606
[3];1607
[3];1608
[3];1609
[3];1610
[3];1611
[3];1612
[3];1613
[3];1614
[3];1615
[3];1616
[3];1617
[3];1618
[3];1619
[3];1620
[3];1621
[3];1622
[3];1623
[3];1624
[3];1625
[3];1626
[3];1627
[3];1628
[3];1629
[3];1630
[3];1631
[3];1632
[3];1633
[4,5];1634
[4,5];1635
[4,5];1636
[4,5];1637
[4,5];1638
[4,5];1639
[4,5];1640
[4,5];1641
[4,5];1642
[4,5];1643
[1];1644
[1];1645
[1];1646
[1];1647
[1];1648
[1];1649
[1];1650
[1];1651
[1];1652
[1];1653
[1];1654
[1];1655
[1];1656
[1];1657
[1];1658
[1];1659
[1];1660
[1];1661
[1];1662
[1];1663
[1];1664
[1];1665
[1];1666
[1];1667
[2];1668
[2];1669
[2];1670
[2];1671
[2];1672
[2];1673
[2];1674
[2];1675
[2];1676
[2];1677
[2];1678
[2];1679
[2];1680
[2];1681
[2];1682
[2];1683
[2];1684
[2];1685
[2];1686
[2];1687
[2];1688
[2];1689
[2];1690
[2];1691
[2];1692
[2];1693
[3];1694
[3];1695
[3];1696
[3];1697
[3];1698
[3];1699
[3];1700
[3];1701
[3];1702
[3];1703
[3];1704
[3];1705
[3];1706
[4];1707
[4];1708
[4];1709
[4];1710
[4];1711
[4];1712
[4];1713
[4];1714
[4];1715
[4];1716
[4];1717
[4];1718
[4];1719
[4];1720
[4];1721
[4];1722
[4];1723
[4];1724
[4];1725
[4];1726
[4];1727
[4];1728
[4];1729
[4];1730
[5];1731
[5];1732
[5];1733
[5];1734
[5];1735
[5];1736
[5];1737
[5];1738
[5];1739
[5];1740
[5];1741
[5];1742
[5];1743
[5];1744
[5];1745
[5];1746
[5];1747
[5];1748
[1];1749
[1];1750
[1];1751
[1];1752
[1];1753
[1];1754
[2];1755
[2];1756
[2];1757
[2];1758
[2];1759
[2];1760
[2];1761
[2];1762
[2];1763
[2];1764
[2];1765
[2];1766
[2];1767
[3,4];1768
[3,4];1769
[3,4];1770
[3,4];1771
[3,4];1772
[3,4];1773
[3,4];1774
[3,4];1775
[3,4];1776
[3,4];1777
[3,4];1778
[3,4];1779
[3,4];1780
[5];1781
[5];1782
[5];1783
[5];1784
[5];1785
[5];1786
[5];1787
[5];1788
[5];1789
[5];1790
[5];1791
[1];1792
[1];1793
[1];1794
[1];1795
[1];1796
[1];1797
[1];1798
[2];1799
[2];1800
[2];1801
[2];1802
[2];1803
[2];1804
[2];1805
[2];1806
[2];1807
[3];1808
[3];1809
[3];1810
[3];1811
[3];1812
[3];1813
[3];1814
[3];1815
[3];1816
[3];1817
[3];1818
[3];1819
[3];1820
[3];1821
[3];1822
[4,5];1823
[4,5];1824
[4,5];1825
[4,5];1826
[4,5];1827
[4,5];1828
[4,5];1829
[4,5];1830
[4,5];1831
[4,5];1832
[1];1833
[1];1834
[1];1835
[1];1836
[1];1837
[1];1838
[1];1839
[1];1840
[2];1841
[2];1842
[2];1843
[2];1844
[2];1845
[2];1846
[2];1847
[2];1848
[2];1849
[2];1850
[2];1851
[2];1852
[2];1853
[2];1854
[2];1855
[2];1856
[2];1857
[2];1858
[2];1859
[2];1860
[2];1861
[2];1862
[2];1863
[2];1864
[2];1865
[2];1866
[2];1867
[3];1868
[3];1869
[3];1870
[3];1871
[3];1872
[3];1873
[3];1874
[3];1875
[3];1876
[3];1877
[3];1878
[3];1879
[3];1880
[3];1881
[3];1882
[3];1883
[3];1884
[3];1885
[3];1886
[3];1887
[3];1888
[3];1889
[4,5];1890
[4,5];1891
[4,5];1892
[4,5];1893
[4,5];1894
[4,5];1895
[4,5];1896
[4,5];1897
[4,5];1898
[4,5];1899
[4,5];1900
[4,5];1901
[4,5];1902
[4,5];1903
[4,5];1904
[4,5];1905
[4,5];1906
[4,5];1907
[4,5];1908
[4,5];1909
[1];1910
[1];1911
[1];1912
[1];1913
[1];1914
[1];1915
[1];1916
[1];1917
[1];1918
[1];1919
[1];1920
[1];1921
[1];1922
[1];1923
[1];1924
[1];1925
[1];1926
[1];1927
[1];1928
[1];1929
[1];1930
[1];1931
[1];1932
[1];1933
[1];1934
[2];1935
[2];1936
[2];1937
[2];1938
[2];1939
[2];1940
[2];1941
[2];1942
[2];1943
[2];1944
[2];1945
[2];1946
[2];1947
[2];1948
[2];1949
[2];1950
[2];1951
[3];1952
[3];1953
[3];1954
[3];1955
[3];1956
[3];1957
[3];1958
[3];1959
[3];1960
[3];1961
[3];1962
[3];1963
[3];1964
[3];1965
[3];1966
[3];1967
[3];1968
[3];1969
[3];1970
[3];1971
[4,5];1972
[4,5];1973
[4,5];1974
[4,5];1975
[4,5];1976
[4,5];1977
[4,5];1978
[4,5];1979
[4,5];1980
[4,5];1981
[4,5];1982
[4,5];1983
[4,5];1984
[4,5];1985
[4,5];1986
[4,5];1987
[4,5];1988
[4,5];1989
[1];1990
[1];1991
[1];1992
[1];1993
[1];1994
[1];1995
[1];1996
[1];1997
[1];1998
[1];1999
[1];2000
[1];2001
[1];2002
[1];2003
[1];2004
[1];2005
[1];2006
[1];2007
[2];2008
[2];2009
[2];2010
[2];2011
[2];2012
[2];2013
[2];2014
[2];2015
[2];2016
[2];2017
[2];2018
[2];2019
[2];2020
[2];2021
[2];2022
[2];2023
[2];2024
[2];2025
[2];2026
[2];2027
[2];2028
[2];2029
[2];2030
[2];2031
[2];2032
[2];2033
[2];2034
[2];2035
[2];2036
[2];2037
[2];2038
[2];2039
[2];2040
[2];2041
[2];2042
[2];2043
[2];2044
[2];2045
[2];2046
[2];2047
[2];2048
[2];2049
[2];2050
[2];2051
[2];2052
[2];2053
[2];2054
[2];2055
[2];2056
[2];2057
[2];2058
[2];2059
[2];2060
[2];2061
[2];2062
[2];2063
[2];2064
[2];2065
[2];2066
[2];2067
[2];2068
[2];2069
[2];2070
[3];2071
[3];2072
[3];2073
[3];2074
[3];2075
[3];2076
[3];2077
[3];2078
[3];2079
[3];2080
[3];2081
[3];2082
[3];2083
[3];2084
[3];2085
[3];2086
[3];2087
[3];2088
[3];2089
[3];2090
[3];2091
[3];2092
[3];2093
[3];2094
[3];2095
[3];2096
[3];2097
[3];2098
[3];2099
[3];2100
[3];2101
[3];2102
[3];2103
[3];2104
[3];2105
[3];2106
[3];2107
[3];2108
[3];2109
[3];2110
[3];2111
[3];2112
[3];2113
[3];2114
[3];2115
[3];2116
[3];2117
[3];2118
[3];2119
[3];2120
[3];2121
[3];2122
[3];2123
[3];2124
[3];2125
[3];2126
[3];2127
[3];2128
[3];2129
[3];2130
[3];2131
[3];2132
[3];2133
[3];2134
[3];2135
[3];2136
[3];2137
[3];2138
[3];2139
[3];2140
[3];2141
[3];2142
[3];2143
[3];2144
[3];2145
[3];2146
[3];2147
[3];2148
[3];2149
[3];2150
[3];2151
[3];2152
[3];2153
[3];2154
[3];2155
[3];2156
[4,5];2157
[4,5];2158
[4,5];2159
[4,5];2160
[4,5];2161
[4,5];2162
[4,5];2163
[4,5];2164
[4,5];2165
[4,5];2166
[4,5];2167
[4,5];2168
[4,5];2169
[4,5];2170
[4,5];2171
[4,5];2172
[4,5];2173
[4,5];2174
[4,5];2175
[4,5];2176
[4,5];2177
[4,5];2178
[4,5];2179
[4,5];2180
[4,5];2181
[4,5];2182
[4,5];2183
[4,5];2184
[4,5];2185
[4,5];2186
[4,5];2187
[4,5];2188
[4,5];2189
[4,5];2190
[4,5];2191
[4,5];2192
[4,5];2193
[4,5];2194
[4,5];2195
[4,5];2196
[4,5];2197
[4,5];2198
[4,5];2199
[4,5];2200
[4,5];2201
[4,5];2202
[4,5];2203
[4,5];2204
[4,5];2205
[4,5];2206
[4,5];2207
[4,5];2208
[4,5];2209
[4,5];2210
[4,5];2211
[4,5];2212
[1];2213
[1];2214
[1];2215
[1];2216
[1];2217
[1];2218
[1];2219
[1];2220
[1];2221
[1];2222
[1];2223
[1];2224
[1];2225
[1];2226
[1];2227
[1];2228
[1];2229
[1];2230
[1];2231
[1];2232
[1];2233
[1];2234
[1];2235
[1];2236
[1];2237
[1];2238
[1];2239
[1];2240
[1];2241
[2];2242
[2];2243
[2];2244
[2];2245
[2];2246
[2];2247
[2];2248
[2];2249
[2];2250
[2];2251
[2];2252
[2];2253
[2];2254
[2];2255
[2];2256
[2];2257
[2];2258
[2];2259
[2];2260
[2];2261
[2];2262
[2];2263
[2];2264
[2];2265
[2];2266
[2];2267
[2];2268
[2];2269
[2];2270
[2];2271
[2];2272
[2];2273
[2];2274
[2];2275
[2];2276
[2];2277
[2];2278
[2];2279
[2];2280
[2];2281
[2];2282
[2];2283
[2];2284
[2];2285
[2];2286
[2];2287
[2];2288
[2];2289
[2];2290
[2];2291
[2];2292
[2];2293
[2];2294
[2];2295
[2];2296
[2];2297
[2];2298
[2];2299
[2];2300
[2];2301
[2];2302
[2];2303
[2];2304
[2];2305
[2];2306
[2];2307
[2];2308
[2];2309
[2];2310
[3];2311
[3];2312
[3];2313
[3];2314
[3];2315
[3];2316
[3];2317
[3];2318
[3];2319
[3];2320
[3];2321
[3];2322
[3];2323
[3];2324
[3];2325
[3];2326
[3];2327
[3];2328
[3];2329
[3];2330
[3];2331
[3];2332
[3];2333
[3];2334
[3];2335
[3];2336
[3];2337
[3];2338
[3];2339
[3];2340
[3];2341
[3];2342
[3];2343
[3];2344
[3];2345
[3];2346
[3];2347
[3];2348
[3];2349
[3];2350
[3];2351
[3];2352
[3];2353
[3];2354
[3];2355
[3];2356
[3];2357
[3];2358
[3];2359
[3];2360
[3];2361
[3];2362
[3];2363
[3];2364
[3];2365
[3];2366
[3];2367
[3];2368
[3];2369
[3];2370
[4,5];2371
[4,5];2372
[4,5];2373
[4,5];2374
[4,5];2375
[4,5];2376
[4,5];2377
[4,5];2378
[4,5];2379
[4,5];2380
[4,5];2381
[4,5];2382
[4,5];2383
[4,5];2384
[4,5];2385
[4,5];2386
[4,5];2387
[4,5];2388
[4,5];2389
[4,5];2390
[4,5];2391
[4,5];2392
[4,5];2393
[4,5];2394
[4,5];2395
[4,5];2396
[4,5];2397
[4,5];2398
[4,5];2399
[4,5];2400
[4,5];2401
[4,5];2402
[4,5];2403
[4,5];2404
[4,5];2405
[4,5];2406
[4,5];2407
[1];2408
[1];2409
[1];2410
[1];2411
[1];2412
[1];2413
[1];2414
[1];2415
[1];2416
[1];2417
[1];2418
[1];2419
[2];2420
[2];2421
[2];2422
[2];2423
[2];2424
[2];2425
[2];2426
[2];2427
[2];2428
[2];2429
[2];2430
[2];2431
[2];2432
[2];2433
[2];2434
[2];2435
[2];2436
[2];2437
[2];2438
[3,4,5];2439
[3,4,5];2440
[3,4,5];2441
[3,4,5];2442
[3,4,5];2443
[3,4,5];2444
[3,4,5];2445
[3,4,5];2446
[3,4,5];2447
[3,4,5];2448
[3,4,5];2449
[3,4,5];2450
[3,4,5];2451
[3,4,5];2452
[3,4,5];2453
[3,4,5];2454
[3,4,5];2455
[3,4,5];2456
[3,4,5];2457
[3,4,5];2458
[3,4,5];2459
[3,4,5];2460
[3,4,5];2461
[3,4,5];2462
[3,4,5];2463
[3,4,5];2464
[3,4,5];2465
[3,4,5];2466
[3,4,5];2467
[1];2468
[1];2469
[1];2470
[1];2471
[1];2472
[1];2473
[1];2474
[1];2475
[1];2476
[1];2477
[1];2478
[1];2479
[1];2480
[1];2481
[1];2482
[1];2483
[1];2484
[1];2485
[1];2486
[1];2487
[1];2488
[1];2489
[1];2490
[1];2491
[1];2492
[1];2493
[1];2494
[1];2495
[1];2496
[1];2497
[1];2498
[1];2499
[1];2500
[1];2501
[2];2502
[2];2503
[2];2504
[2];2505
[2];2506
[2];2507
[2];2508
[2];2509
[2];2510
[2];2511
[2];2512
[2];2513
[2];2514
[2];2515
[2];2516
[2];2517
[2];2518
[2];2519
[2];2520
[2];2521
[2];2522
[2];2523
[2];2524
[2];2525
[2];2526
[2];2527
[2];2528
[2];2529
[2];2530
[2];2531
[2];2532
[2];2533
[2];2534
[3];2535
[3];2536
[3];2537
[3];2538
[3];2539
[3];2540
[3];2541
[3];2542
[3];2543
[3];2544
[3];2545
[3];2546
[3];2547
[3];2548
[3];2549
[3];2550
[3];2551
[3];2552
[3];2553
[3];2554
[3];2555
[3];2556
[3];2557
[3];2558
[3];2559
[3];2560
[3];2561
[3];2562
[3];2563
[3];2564
[3];2565
[3];2566
[4,5];2567
[4,5];2568
[4,5];2569
[4,5];2570
[4,5];2571
[4,5];2572
[4,5];2573
[4,5];2574
[4,5];2575
[4,5];2576
[4,5];2577
[4,5];2578
[4,5];2579
[4,5];2580
[4,5];2581
[4,5];2582
[4,5];2583
[4,5];2584
[4,5];2585
[4,5];2586
[4,5];2587
[4,5];2588
[4,5];2589
[4,5];2590
[4,5];2591
[4,5];2592
[4,5];2593
[4,5];2594
[4,5];2595
[4,5];2596
[4,5];2597
[4,5];2598
[4,5];2599
[4,5];2600
[4,5];2601
[4,5];2602
[4,5];2603
[4,5];2604
[4,5];2605
[4,5];2606
[4,5];2607
[4,5];2608
[1];2609
[1];2610
[1];2611
[1];2612
[1];2613
[1];2614
[1];2615
[1];2616
[1];2617
[1];2618
[1];2619
[1];2620
[1];2621
[1];2622
[1];2623
[1];2624
[1];2625
[1];2626
[1];2627
[1];2628
[1];2629
[1];2630
[1];2631
[1];2632
[1];2633
[1];2634
[1];2635
[1];2636
[1];2637
[1];2638
[1];2639
[1];2640
[1];2641
[1];2642
[1];2643
[1];2644
[1];2645
[1];2646
[1];2647
[1];2648
[1];2649
[1];2650
[1];2651
[1];2652
[1];2653
[1];2654
[1];2655
[1];2656
[1];2657
[1];2658
[1];2659
[1];2660
[1];2661
[1];2662
[1];2663
[2];2664
[2];2665
[2];2666
[2];2667
[2];2668
[2];2669
[2];2670
[2];2671
[2];2672
[2];2673
[2];2674
[2];2675
[2];2676
[2];2677
[2];2678
[2];2679
[2];2680
[2];2681
[2];2682
[2];2683
[2];2684
[2];2685
[2];2686
[2];2687
[2];2688
[2];2689
[2];2690
[2];2691
[2];2692
[2];2693
[2];2694
[2];2695
[2];2696
[2];2697
[2];2698
[2];2699
[2];2700
[2];2701
[2];2702
[2];2703
[2];2704
[2];2705
[2];2706
[2];2707
[2];2708
[2];2709
[2];2710
[2];2711
[2];2712
[2];2713
[2];2714
[3];2715
[3];2716
[3];2717
[3];2718
[3];2719
[3];2720
[3];2721
[3];2722
[3];2723
[3];2724
[3];2725
[3];2726
[3];2727
[3];2728
[3];2729
[3];2730
[3];2731
[3];2732
[3];2733
[3];2734
[3];2735
[3];2736
[3];2737
[3];2738
[3];2739
[3];2740
[3];2741
[3];2742
[3];2743
[3];2744
[3];2745
[3];2746
[3];2747
[3];2748
[3];2749
[3];2750
[3];2751
[3];2752
[3];2753
[3];2754
[3];2755
[3];2756
[3];2757
[3];2758
[3];2759
[3];2760
[3];2761
[3];2762
[3];2763
[3];2764
[3];2765
[3];2766
[3];2767
[3];2768
[3];2769
[3];2770
[3];2771
[3];2772
[3];2773
[3];2774
[3];2775
[3];2776
[3];2777
[3];2778
[3];2779
[3];2780
[3];2781
[3];2782
[3];2783
[3];2784
[3];2785
[3];2786
[3];2787
[3];2788
[3];2789
[3];2790
[3];2791
[4];2792
[4];2793
[4];2794
[4];2795
[4];2796
[4];2797
[4];2798
[4];2799
[4];2800
[4];2801
[4];2802
[4];2803
[4];2804
[4];2805
[4];2806
[4];2807
[4];2808
[4];2809
[4];2810
[4];2811
[4];2812
[4];2813
[4];2814
[4];2815
[4];2816
[4];2817
[4];2818
[4];2819
[4];2820
[4];2821
[4];2822
[4];2823
[4];2824
[4];2825
[4];2826
[4];2827
[4];2828
[5];2829
[5];2830
[5];2831
[5];2832
[5];2833
[5];2834
[5];2835
[5];2836
[5];2837
[5];2838
[5];2839
[5];2840
[5];2841
[1];2842
[1];2843
[1];2844
[1];2845
[1];2846
[1];2847
[1];2848
[1];2849
[1];2850
[1];2851
[1];2852
[1];2853
[1];2854
[1];2855
[1];2856
[1];2857
[1];2858
[1];2859
[1];2860
[1];2861
[1];2862
[1];2863
[2];2864
[2];2865
[2];2866
[2];2867
[2];2868
[2];2869
[2];2870
[2];2871
[2];2872
[2];2873
[2];2874
[2];2875
[2];2876
[2];2877
[2];2878
[2];2879
[2];2880
[2];2881
[2];2882
[2];2883
[2];2884
[2];2885
[2];2886
[2];2887
[2];2888
[2];2889
[2];2890
[2];2891
[2];2892
[2];2893
[2];2894
[2];2895
[2];2896
[2];2897
[2];2898
[2];2899
[3];2900
[3];2901
[3];2902
[3];2903
[3];2904
[3];2905
[3];2906
[3];2907
[3];2908
[3];2909
[3];2910
[3];2911
[3];2912
[3];2913
[3];2914
[3];2915
[3];2916
[3];2917
[3];2918
[3];2919
[3];2920
[3];2921
[3];2922
[3];2923
[3];2924
[3];2925
[3];2926
[3];2927
[3];2928
[3];2929
[3];2930
[3];2931
[3];2932
[3];2933
[3];2934
[3];2935
[3];2936
[3];2937
[3];2938
[3];2939
[3];2940
[3];2941
[4,5];2942
[4,5];2943
[4,5];2944
[4,5];2945
[4,5];2946
[4,5];2947
[4,5];2948
[4,5];2949
[4,5];2950
[4,5];2951
[4,5];2952
[4,5];2953
[4,5];2954
[4,5];2955
[4,5];2956
[4,5];2957
[4,5];2958
[4,5];2959
[4,5];2960
[4,5];2961
[4,5];2962
[4,5];2963
[4,5];2964
[4,5];2965
[4,5];2966
[4,5];2967
[4,5];2968
[4,5];2969
[4,5];2970
[4,5];2971
[4,5];2972
[4,5];2973
[4,5];2974
[4,5];2975
[4,5];2976
[4,5];2977
[4,5];2978
[4,5];2979
[1];2980
[1];2981
[1];2982
[1];2983
[1];2984
[1];2985
[1];2986
[1];2987
[1];2988
[1];2989
[1];2990
[1];2991
[1];2992
[1];2993
[1];2994
[1];2995
[1];2996
[1];2997
[1];2998
[1];2999
[1];3000
[1];3001
[1];3002
[1];3003
[1];3004
[1];3005
[1];3006
[1];3007
[1];3008
[1];3009
[2];3010
[2];3011
[2];3012
[2];3013
[2];3014
[2];3015
[2];3016
[2];3017
[2];3018
[2];3019
[2];3020
[2];3021
[2];3022
[2];3023
[2];3024
[3];3025
[3];3026
[3];3027
[3];3028
[3];3029
[3];3030
[3];3031
[3];3032
[3];3033
[3];3034
[3];3035
[3];3036
[3];3037
[4,5];3038
[4,5];3039
[4,5];3040
[4,5];3041
[4,5];3042
[4,5];3043
[4,5];3044
[4,5];3045
[4,5];3046
[4,5];3047
[4,5];3048
[4,5];3049
[4,5];3050
[4,5];3051
[4,5];3052
[1];3053
[1];3054
[1];3055
[1];3056
[1];3057
[1];3058
[1];3059
[1];3060
[1];3061
[1];3062
[1];3063
[1];3064
[1];3065
[1];3066
[1];3067
[1];3068
[1];3069
[1];3070
[1];3071
[1];3072
[1];3073
[1];3074
[1];3075
[1];3076
[1];3077
[1];3078
[1];3079
[1];3080
[1];3081
[1];3082
[1];3083
[1];3084
[2];3085
[2];3086
[2];3087
[2];3088
[2];3089
[2];3090
[2];3091
[2];3092
[2];3093
[2];3094
[2];3095
[2];3096
[2];3097
[2];3098
[2];3099
[2];3100
[2];3101
[2];3102
[2];3103
[2];3104
[2];3105
[2];3106
[2];3107
[2];3108
[2];3109
[2];3110
[2];3111
[2];3112
[2];3113
[2];3114
[2];3115
[2];3116
[2];3117
[2];3118
[2];3119
[2];3120
[2];3121
[2];3122
[3];3123
[3];3124
[3];3125
[3];3126
[3];3127
[3];3128
[3];3129
[3];3130
[3];3131
[3];3132
[3];3133
[3];3134
[3];3135
[3];3136
[3];3137
[3];3138
[3];3139
[3];3140
[3];3141
[3];3142
[3];3143
[3];3144
[3];3145
[3];3146
[3];3147
[3];3148
[3];3149
[4,5];3150
[4,5];3151
[4,5];3152
[4,5];3153
[4,5];3154
[4,5];3155
[4,5];3156
[1];3157
[1];3158
[1];3159
[1];3160
[1];3161
[1];3162
[1];3163
[1];3164
[1];3165
[1];3166
[1];3167
[1];3168
[1];3169
[1];3170
[1];3171
[1];3172
[1];3173
[1];3174
[1];3175
[2];3176
[2];3177
[2];3178
[2];3179
[2];3180
[2];3181
[2];3182
[2];3183
[2];3184
[2];3185
[2];3186
[2];3187
[2];3188
[2];3189
[2];3190
[2];3191
[2];3192
[2];3193
[2];3194
[2];3195
[2];3196
[2];3197
[2];3198
[2];3199
[2];3200
[2];3201
[2];3202
[2];3203
[2];3204
[3];3205
[3];3206
[3];3207
[3];3208
[3];3209
[3];3210
[3];3211
[3];3212
[3];3213
[3];3214
[3];3215
[3];3216
[3];3217
[3];3218
[3];3219
[3];3220
[3];3221
[3];3222
[3];3223
[3];3224
[3];3225
[3];3226
[4];3227
[4];3228
[4];3229
[4];3230
[4];3231
[4];3232
[4];3233
[4];3234
[4];3235
[4];3236
[4];3237
[4];3238
[4];3239
[4];3240
[4];3241
[4];3242
[4];3243
[4];3244
[4];3245
[5];3246
[5];3247
[5];3248
[5];3249
[5];3250
[5];3251
[1];3252
[1];3253
[1];3254
[1];3255
[1];3256
[1];3257
[1];3258
[1];3259
[1];3260
[1];3261
[1];3262
[1];3263
[1];3264
[1];3265
[1];3266
[1];3267
[1];3268
[1];3269
[1];3270
[1];3271
[1];3272
[2];3273
[2];3274
[2];3275
[2];3276
[2];3277
[2];3278
[2];3279
[2];3280
[2];3281
[2];3282
[2];3283
[2];3284
[2];3285
[2];3286
[2];3287
[2];3288
[2];3289
[2];3290
[2];3291
[2];3292
[2];3293
[2];3294
[2];3295
[2];3296
[3];3297
[3];3298
[3];3299
[3];3300
[3];3301
[3];3302
[3];3303
[3];3304
[3];3305
[3];3306
[3];3307
[3];3308
[3];3309
[3];3310
[3];3311
[3];3312
[3];3313
[3];3314
[3];3315
[3];3316
[3];3317
[3];3318
[4];3319
[4];3320
[4];3321
[4];3322
[4];3323
[4];3324
[5];3325
[5];3326
[5];3327
[5];3328
[5];3329
[5];3330
[5];3331
[5];3332
[5];3333
[1];3334
[1];3335
[1];3336
[1];3337
[1];3338
[1];3339
[1];3340
[1];3341
[1];3342
[1];3343
[1];3344
[1];3345
[1];3346
[1];3347
[1];3348
[1];3349
[1];3350
[1];3351
[1];3352
[1];3353
[1];3354
[1];3355
[1];3356
[1];3357
[1];3358
[1];3359
[1];3360
[1];3361
[1];3362
[1];3363
[1];3364
[2];3365
[2];3366
[2];3367
[2];3368
[2];3369
[2];3370
[2];3371
[2];3372
[2];3373
[2];3374
[2];3375
[2];3376
[2];3377
[2];3378
[2];3379
[2];3380
[2];3381
[2];3382
[2];3383
[2];3384
[2];3385
[2];3386
[2];3387
[2];3388
[2];3389
[2];3390
[2];3391
[2];3392
[2];3393
[2];3394
[2];3395
[2];3396
[2];3397
[2];3398
[2];3399
[2];3400
[2];3401
[2];3402
[2];3403
[2];3404
[2];3405
[3];3406
[3];3407
[3];3408
[3];3409
[3];3410
[3];3411
[3];3412
[3];3413
[3];3414
[3];3415
[3];3416
[3];3417
[3];3418
[3];3419
[3];3420
[3];3421
[3];3422
[3];3423
[3];3424
[4,5];3425
[4,5];3426
[4,5];3427
[4,5];3428
[4,5];3429
[4,5];3430
[4,5];3431
[4,5];3432
[4,5];3433
[4,5];3434
[4,5];3435
[4,5];3436
[4,5];3437
[4,5];3438
[4,5];3439
[4,5];3440
[4,5];3441
[4,5];3442
[4,5];3443
[4,5];3444
[4,5];3445
[4,5];3446
[4,5];3447
[4,5];3448
[4,5];3449
[4,5];3450
[4,5];3451
[4,5];3452
[4,5];3453
[4,5];3454
[4,5];3455
[4,5];3456
[4,5];3457
[4,5];3458
[4,5];3459
[4,5];3460
[4,5];3461
[4,5];3462
[4,5];3463
[4,5];3464
[4,5];3465
[4,5];3466
[4,5];3467
[4,5];3468
[1];3469
[1];3470
[1];3471
[1];3472
[1];3473
[1];3474
[1];3475
[1];3476
[1];3477
[1];3478
[1];3479
[1];3480
[1];3481
[1];3482
[1];3483
[1];3484
[1];3485
[1];3486
[1];3487
[1];3488
[1];3489
[1];3490
[1];3491
[1];3492
[1];3493
[1];3494
[1];3495
[1];3496
[1];3497
[1];3498
[1];3499
[1];3500
[1];3501
[2];3502
[2];3503
[2];3504
[2];3505
[2];3506
[2];3507
[2];3508
[2];3509
[2];3510
[2];3511
[2];3512
[2];3513
[2];3514
[2];3515
[2];3516
[2];3517
[2];3518
[2];3519
[2];3520
[2];3521
[2];3522
[2];3523
[2];3524
[2];3525
[2];3526
[2];3527
[3];3528
[3];3529
[3];3530
[3];3531
[3];3532
[3];3533
[3];3534
[3];3535
[3];3536
[3];3537
[3];3538
[3];3539
[3];3540
[3];3541
[3];3542
[3];3543
[3];3544
[3];3545
[3];3546
[3];3547
[3];3548
[3];3549
[3];3550
[3];3551
[3];3552
[3];3553
[3];3554
[3];3555
[3];3556
[3];3557
[3];3558
[3];3559
[3];3560
[3];3561
[3];3562
[3];3563
[3];3564
[3];3565
[3];3566
[3];3567
[3];3568
[3];3569
[3];3570
[3];3571
[4,5];3572
[4,5];3573
[4,5];3574
[4,5];3575
[4,5];3576
[4,5];3577
[4,5];3578
[4,5];3579
[4,5];3580
[4,5];3581
[4,5];3582
[4,5];3583
[4,5];3584
[4,5];3585
[4,5];3586
[4,5];3587
[4,5];3588
[4,5];3589
[4,5];3590
[4,5];3591
[4,5];3592
[4,5];3593
[4,5];3594
[4,5];3595
[4,5];3596
[4,5];3597
[4,5];3598
[4,5];3599
[4,5];3600
[4,5];3601
[4,5];3602
[4,5];3603
[1];3604
[1];3605
[1];3606
[1];3607
[1];3608
[1];3609
[1];3610
[1];3611
[1];3612
[1];3613
[1];3614
[1];3615
[1];3616
[1];3617
[1];3618
[1];3619
[1];3620
[1];3621
[1];3622
[1];3623
[1];3624
[1];3625
[1];3626
[1];3627
[1];3628
[1];3629
[1];3630
[1];3631
[1];3632
[1];3633
[1];3634
[1];3635
[1];3636
[1];3637
[1];3638
[1];3639
[1];3640
[1];3641
[2];3642
[2];3643
[2];3644
[2];3645
[2];3646
[2];3647
[2];3648
[2];3649
[2];3650
[2];3651
[2];3652
[2];3653
[2];3654
[2];3655
[2];3656
[2];3657
[2];3658
[2];3659
[2];3660
[2];3661
[2];3662
[2];3663
[2];3664
[2];3665
[2];3666
[2];3667
[2];3668
[2];3669
[2];3670
[2];3671
[2];3672
[2];3673
[2];3674
[2];3675
[2];3676
[2];3677
[2];3678
[2];3679
[2];3680
[2];3681
[2];3682
[2];3683
[3];3684
[3];3685
[3];3686
[3];3687
[3];3688
[3];3689
[3];3690
[3];3691
[3];3692
[3];3693
[3];3694
[3];3695
[3];3696
[3];3697
[3];3698
[3];3699
[3];3700
[3];3701
[3];3702
[3];3703
[3];3704
[3];3705
[3];3706
[3];3707
[3];3708
[3];3709
[3];3710
[3];3711
[3];3712
[3];3713
[3];3714
[3];3715
[3];3716
[3];3717
[3];3718
[3];3719
[3];3720
[3];3721
[3];3722
[3];3723
[3];3724
[3];3725
[3];3726
[3];3727
[3];3728
[3];3729
[3];3730
[3];3731
[3];3732
[3];3733
[3];3734
[3];3735
[3];3736
[3];3737
[3];3738
[3];3739
[3];3740
[3];3741
[3];3742
[3];3743
[3];3744
[3];3745
[3];3746
[3];3747
[3];3748
[3];3749
[3];3750
[4,5];3751
[4,5];3752
[4,5];3753
[4,5];3754
[4,5];3755
[4,5];3756
[4,5];3757
[4,5];3758
[4,5];3759
[4,5];3760
[4,5];3761
[4,5];3762
[4,5];3763
[4,5];3764
[4,5];3765
[4,5];3766
[4,5];3767
[4,5];3768
[4,5];3769
[4,5];3770
[4,5];3771
[4,5];3772
[4,5];3773
[4,5];3774
[4,5];3775
[4,5];3776
[4,5];3777
[4,5];3778
[4,5];3779
[4,5];3780
[4,5];3781
[4,5];3782
[4,5];3783
[4,5];3784
[4,5];3785
[4,5];3786
[4,5];3787
[4,5];3788
[1];3789
[1];3790
[1];3791
[1];3792
[1];3793
[1];3794
[1];3795
[1];3796
[1];3797
[1];3798
[1];3799
[1];3800
[1];3801
[1];3802
[2];3803
[2];3804
[2];3805
[2];3806
[2];3807
[2];3808
[2];3809
[2];3810
[2];3811
[2];3812
[2];3813
[2];3814
[2];3815
[2];3816
[2];3817
[2];3818
[2];3819
[2];3820
[2];3821
[2];3822
[2];3823
[2];3824
[2];3825
[2];3826
[2];3827
[2];3828
[3];3829
[3];3830
[3];3831
[3];3832
[3];3833
[3];3834
[3];3835
[3];3836
[3];3837
[3];3838
[4];3839
[4];3840
[4];3841
[4];3842
[4];3843
[4];3844
[4];3845
[4];3846
[4];3847
[4];3848
[4];3849
[4];3850
[4];3851
[4];3852
[5];3853
[5];3854
[5];3855
[5];3856
[5];3857
[5];3858
[5];3859
[5];3860
[5];3861
[1];3862
[1];3863
[1];3864
[1];3865
[1];3866
[1];3867
[1];3868
[1];3869
[1];3870
[1];3871
[1];3872
[1];3873
[1];3874
[1];3875
[1];3876
[1];3877
[1];3878
[1];3879
[1];3880
[1];3881
[1];3882
[1];3883
[2];3884
[2];3885
[2];3886
[2];3887
[2];3888
[2];3889
[2];3890
[2];3891
[2];3892
[2];3893
[2];3894
[2];3895
[2];3896
[2];3897
[2];3898
[2];3899
[2];3900
[2];3901
[2];3902
[2];3903
[2];3904
[2];3905
[2];3906
[2];3907
[3];3908
[3];3909
[3];3910
[3];3911
[3];3912
[3];3913
[3];3914
[3];3915
[3];3916
[3];3917
[3];3918
[4,5];3919
[4,5];3920
[4,5];3921
[4,5];3922
[4,5];3923
[4,5];3924
[4,5];3925
[4,5];3926
[4,5];3927
[4,5];3928
[4,5];3929
[4,5];3930
[4,5];3931
[4,5];3932
[4,5];3933
[4,5];3934
[4,5];3935
[4,5];3936
[4,5];3937
[4,5];3938
[4,5];3939
[4,5];3940
[4,5];3941
[4,5];3942
[4,5];3943
[4,5];3944
[4,5];3945
[1];3946
[1];3947
[1];3948
[1];3949
[1];3950
[1];3951
[1];3952
[1];3953
[1];3954
[1];3955
[2];3956
[2];3957
[2];3958
[2];3959
[2];3960
[2];3961
[2];3962
[2];3963
[2];3964
[2];3965
[2];3966
[2];3967
[2];3968
[2];3969
[2];3970
[2];3971
[2];3972
[2];3973
[2];3974
[2];3975
[2];3976
[2];3977
[3];3978
[3];3979
[3];3980
[3];3981
[3];3982
[3];3983
[3];3984
[3];3985
[3];3986
[3];3987
[3];3988
[3];3989
[3];3990
[3];3991
[3];3992
[3];3993
[3];3994
[3];3995
[3];3996
[3];3997
[3];3998
[3];3999
[3];4000
[3];4001
[3];4002
[3];4003
[3];4004
[3];4005
[3];4006
[4,5];4007
[4,5];4008
[4,5];4009
[4,5];4010
[4,5];4011
[4,5];4012
[4,5];4013
[4,5];4014
[4,5];4015
[4,5];4016
[4,5];4017
[4,5];4018
[4,5];4019
[4,5];4020
[4,5];4021
[4,5];4022
[4,5];4023
[4,5];4024
[4,5];4025
[4,5];4026
[4,5];4027
[4,5];4028